0,neg
1,pos
2,neg
3,pos
4,neg
5,neg
6,pos
7,pos
8,pos
9,neg
10,pos
11,neg
12,neg
13,pos
14,neg
15,pos
16,neg
17,neg
18,pos
19,neg
20,pos
21,neg
22,pos
23,pos
24,neg
25,pos
26,pos
27,pos
28,neg
29,neg
30,pos
31,neg
32,neg
33,neg
34,neg
35,pos
36,pos
37,pos
38,pos
39,neg
40,pos
41,pos
42,neg
43,pos
44,neg
45,neg
46,pos
47,pos
48,neg
49,neg
50,neg
51,pos
52,pos
53,neg
54,pos
55,pos
56,pos
57,pos
58,pos
59,neg
60,neg
61,neg
62,neg
63,pos
64,pos
65,neg
66,neg
67,pos
68,neg
69,pos
70,pos
71,neg
72,pos
73,neg
74,pos
75,pos
76,neg
77,pos
78,neg
79,pos
80,neg
81,pos
82,pos
83,neg
84,neg
85,neg
86,neg
87,pos
88,neg
89,neg
90,pos
91,neg
92,neg
93,pos
94,pos
95,pos
96,pos
97,neg
98,pos
99,pos
100,neg
101,pos
102,pos
103,pos
104,neg
105,pos
106,neg
107,neg
108,pos
109,pos
110,neg
111,pos
112,pos
113,neg
114,pos
115,pos
116,neg
117,neg
118,pos
119,neg
120,pos
121,neg
122,pos
123,pos
124,neg
125,neg
126,neg
127,pos
128,neg
129,pos
130,pos
131,neg
132,neg
133,pos
134,pos
135,neg
136,neg
137,pos
138,neg
139,pos
140,pos
141,neg
142,pos
143,pos
144,pos
145,pos
146,neg
147,neg
148,pos
149,pos
150,neg
151,neg
152,neg
153,neg
154,pos
155,neg
156,neg
157,neg
158,neg
159,neg
160,neg
161,pos
162,pos
163,neg
164,pos
165,pos
166,neg
167,pos
168,neg
169,pos
170,pos
171,neg
172,pos
173,neg
174,neg
175,pos
176,neg
177,pos
178,pos
179,neg
180,neg
181,neg
182,pos
183,neg
184,neg
185,neg
186,neg
187,pos
188,pos
189,pos
190,neg
191,neg
192,neg
193,pos
194,pos
195,neg
196,neg
197,pos
198,neg
199,neg
200,pos
201,pos
202,pos
203,pos
204,pos
205,neg
206,pos
207,neg
208,pos
209,pos
210,neg
211,pos
212,pos
213,neg
214,pos
215,pos
216,pos
217,pos
218,neg
219,pos
220,pos
221,pos
222,pos
223,pos
224,pos
225,pos
226,neg
227,pos
228,neg
229,pos
230,neg
231,neg
232,pos
233,pos
234,neg
235,pos
236,neg
237,pos
238,neg
239,neg
240,pos
241,pos
242,pos
243,pos
244,pos
245,neg
246,neg
247,pos
248,pos
249,pos
250,pos
251,neg
252,neg
253,pos
254,neg
255,neg
256,neg
257,neg
258,pos
259,neg
260,neg
261,pos
262,neg
263,pos
264,pos
265,neg
266,pos
267,neg
268,pos
269,neg
270,pos
271,pos
272,neg
273,neg
274,pos
275,pos
276,neg
277,neg
278,neg
279,pos
280,neg
281,pos
282,pos
283,neg
284,pos
285,pos
286,pos
287,pos
288,pos
289,pos
290,pos
291,pos
292,neg
293,pos
294,pos
295,neg
296,pos
297,neg
298,neg
299,pos
300,neg
301,neg
302,pos
303,neg
304,pos
305,pos
306,pos
307,pos
308,neg
309,neg
310,pos
311,neg
312,neg
313,pos
314,neg
315,pos
316,pos
317,pos
318,neg
319,pos
320,pos
321,pos
322,pos
323,pos
324,pos
325,neg
326,neg
327,pos
328,neg
329,pos
330,pos
331,neg
332,pos
333,neg
334,neg
335,pos
336,pos
337,neg
338,neg
339,pos
340,pos
341,neg
342,pos
343,pos
344,pos
345,pos
346,pos
347,pos
348,neg
349,pos
350,pos
351,neg
352,neg
353,pos
354,pos
355,pos
356,pos
357,pos
358,pos
359,pos
360,neg
361,neg
362,pos
363,pos
364,pos
365,pos
366,pos
367,pos
368,pos
369,neg
370,neg
371,neg
372,neg
373,neg
374,pos
375,pos
376,pos
377,neg
378,pos
379,neg
380,pos
381,neg
382,pos
383,neg
384,pos
385,neg
386,pos
387,pos
388,pos
389,pos
390,neg
391,pos
392,neg
393,neg
394,neg
395,neg
396,pos
397,neg
398,neg
399,pos
400,pos
401,neg
402,neg
403,neg
404,pos
405,pos
406,pos
407,pos
408,neg
409,pos
410,pos
411,neg
412,neg
413,pos
414,pos
415,pos
416,pos
417,pos
418,neg
419,neg
420,neg
421,pos
422,pos
423,pos
424,neg
425,neg
426,pos
427,pos
428,pos
429,neg
430,neg
431,neg
432,pos
433,pos
434,pos
435,neg
436,neg
437,neg
438,neg
439,neg
440,pos
441,pos
442,pos
443,neg
444,pos
445,neg
446,pos
447,pos
448,pos
449,neg
450,neg
451,neg
452,pos
453,pos
454,pos
455,neg
456,pos
457,pos
458,neg
459,pos
460,pos
461,neg
462,pos
463,pos
464,neg
465,pos
466,neg
467,pos
468,pos
469,neg
470,pos
471,neg
472,pos
473,pos
474,pos
475,neg
476,neg
477,pos
478,pos
479,neg
480,pos
481,neg
482,neg
483,neg
484,neg
485,neg
486,pos
487,neg
488,neg
489,pos
490,pos
491,pos
492,neg
493,neg
494,pos
495,pos
496,pos
497,neg
498,pos
499,neg
500,neg
501,neg
502,neg
503,pos
504,neg
505,pos
506,neg
507,pos
508,pos
509,pos
510,neg
511,neg
512,neg
513,neg
514,pos
515,pos
516,pos
517,pos
518,pos
519,pos
520,neg
521,neg
522,pos
523,pos
524,pos
525,pos
526,pos
527,neg
528,pos
529,pos
530,neg
531,neg
532,pos
533,neg
534,pos
535,neg
536,pos
537,pos
538,pos
539,pos
540,pos
541,neg
542,neg
543,pos
544,pos
545,pos
546,neg
547,pos
548,neg
549,neg
550,neg
551,pos
552,pos
553,pos
554,neg
555,neg
556,pos
557,pos
558,pos
559,neg
560,neg
561,pos
562,pos
563,neg
564,neg
565,neg
566,neg
567,pos
568,neg
569,neg
570,pos
571,neg
572,neg
573,neg
574,pos
575,pos
576,neg
577,neg
578,pos
579,neg
580,pos
581,neg
582,pos
583,neg
584,neg
585,neg
586,pos
587,pos
588,pos
589,pos
590,neg
591,pos
592,neg
593,neg
594,neg
595,neg
596,pos
597,neg
598,neg
599,pos
600,pos
601,pos
602,neg
603,pos
604,neg
605,pos
606,neg
607,pos
608,pos
609,neg
610,neg
611,pos
612,pos
613,pos
614,neg
615,neg
616,neg
617,pos
618,neg
619,neg
620,neg
621,neg
622,neg
623,neg
624,neg
625,pos
626,pos
627,pos
628,neg
629,pos
630,neg
631,pos
632,pos
633,pos
634,neg
635,neg
636,neg
637,neg
638,neg
639,neg
640,pos
641,pos
642,neg
643,neg
644,neg
645,neg
646,neg
647,pos
648,neg
649,neg
650,pos
651,pos
652,neg
653,pos
654,neg
655,pos
656,pos
657,neg
658,neg
659,pos
660,neg
661,neg
662,pos
663,pos
664,neg
665,neg
666,pos
667,pos
668,neg
669,pos
670,neg
671,pos
672,neg
673,neg
674,pos
675,pos
676,neg
677,pos
678,pos
679,neg
680,pos
681,neg
682,pos
683,neg
684,neg
685,neg
686,neg
687,neg
688,pos
689,pos
690,pos
691,neg
692,neg
693,neg
694,pos
695,pos
696,pos
697,pos
698,neg
699,pos
700,pos
701,pos
702,neg
703,neg
704,neg
705,pos
706,neg
707,neg
708,pos
709,neg
710,pos
711,neg
712,pos
713,neg
714,neg
715,neg
716,pos
717,pos
718,neg
719,pos
720,neg
721,pos
722,pos
723,pos
724,pos
725,neg
726,pos
727,pos
728,neg
729,pos
730,neg
731,pos
732,pos
733,pos
734,neg
735,pos
736,neg
737,pos
738,neg
739,neg
740,neg
741,pos
742,neg
743,neg
744,neg
745,pos
746,pos
747,pos
748,pos
749,pos
750,pos
751,neg
752,pos
753,neg
754,pos
755,neg
756,neg
757,neg
758,pos
759,pos
760,pos
761,pos
762,neg
763,neg
764,pos
765,pos
766,pos
767,neg
768,neg
769,pos
770,neg
771,pos
772,neg
773,neg
774,neg
775,neg
776,neg
777,pos
778,neg
779,pos
780,neg
781,pos
782,neg
783,pos
784,pos
785,pos
786,pos
787,pos
788,pos
789,pos
790,neg
791,neg
792,pos
793,pos
794,neg
795,neg
796,pos
797,pos
798,pos
799,neg
800,pos
801,neg
802,pos
803,neg
804,pos
805,neg
806,pos
807,pos
808,neg
809,pos
810,neg
811,neg
812,pos
813,neg
814,pos
815,pos
816,neg
817,pos
818,pos
819,pos
820,pos
821,neg
822,neg
823,pos
824,neg
825,pos
826,pos
827,pos
828,pos
829,pos
830,neg
831,pos
832,pos
833,neg
834,pos
835,neg
836,neg
837,neg
838,pos
839,pos
840,neg
841,neg
842,pos
843,neg
844,neg
845,neg
846,pos
847,neg
848,pos
849,pos
850,neg
851,pos
852,neg
853,pos
854,pos
855,neg
856,pos
857,pos
858,pos
859,neg
860,pos
861,pos
862,pos
863,pos
864,pos
865,pos
866,neg
867,neg
868,neg
869,pos
870,neg
871,pos
872,pos
873,pos
874,neg
875,pos
876,neg
877,pos
878,pos
879,neg
880,neg
881,neg
882,pos
883,neg
884,pos
885,neg
886,neg
887,neg
888,neg
889,pos
890,neg
891,neg
892,pos
893,pos
894,pos
895,pos
896,neg
897,pos
898,neg
899,pos
900,neg
901,neg
902,neg
903,neg
904,neg
905,pos
906,pos
907,pos
908,pos
909,pos
910,pos
911,pos
912,neg
913,neg
914,neg
915,pos
916,pos
917,neg
918,neg
919,pos
920,pos
921,neg
922,pos
923,pos
924,pos
925,pos
926,pos
927,pos
928,pos
929,neg
930,pos
931,neg
932,pos
933,pos
934,pos
935,pos
936,neg
937,neg
938,neg
939,neg
940,neg
941,neg
942,pos
943,neg
944,pos
945,pos
946,neg
947,pos
948,neg
949,pos
950,neg
951,pos
952,pos
953,neg
954,neg
955,pos
956,pos
957,pos
958,pos
959,pos
960,pos
961,pos
962,neg
963,pos
964,neg
965,neg
966,neg
967,neg
968,pos
969,pos
970,pos
971,pos
972,neg
973,pos
974,pos
975,pos
976,pos
977,neg
978,neg
979,pos
980,pos
981,neg
982,pos
983,neg
984,pos
985,pos
986,neg
987,pos
988,neg
989,pos
990,pos
991,neg
992,neg
993,pos
994,neg
995,neg
996,neg
997,pos
998,neg
999,pos
1000,pos
1001,pos
1002,pos
1003,pos
1004,pos
1005,neg
1006,pos
1007,neg
1008,neg
1009,pos
1010,neg
1011,neg
1012,pos
1013,neg
1014,neg
1015,neg
1016,pos
1017,neg
1018,neg
1019,neg
1020,neg
1021,pos
1022,neg
1023,pos
1024,neg
1025,neg
1026,neg
1027,neg
1028,pos
1029,pos
1030,pos
1031,neg
1032,pos
1033,neg
1034,neg
1035,neg
1036,neg
1037,pos
1038,pos
1039,pos
1040,neg
1041,pos
1042,neg
1043,pos
1044,pos
1045,neg
1046,pos
1047,pos
1048,neg
1049,pos
1050,pos
1051,neg
1052,pos
1053,pos
1054,neg
1055,pos
1056,neg
1057,pos
1058,neg
1059,neg
1060,pos
1061,pos
1062,neg
1063,pos
1064,pos
1065,pos
1066,neg
1067,pos
1068,pos
1069,pos
1070,neg
1071,neg
1072,neg
1073,pos
1074,pos
1075,pos
1076,pos
1077,neg
1078,pos
1079,pos
1080,neg
1081,pos
1082,pos
1083,pos
1084,neg
1085,neg
1086,neg
1087,pos
1088,neg
1089,neg
1090,pos
1091,neg
1092,neg
1093,pos
1094,neg
1095,pos
1096,neg
1097,neg
1098,neg
1099,pos
1100,pos
1101,pos
1102,pos
1103,pos
1104,neg
1105,pos
1106,neg
1107,neg
1108,neg
1109,pos
1110,neg
1111,pos
1112,neg
1113,pos
1114,pos
1115,pos
1116,pos
1117,pos
1118,pos
1119,pos
1120,pos
1121,pos
1122,pos
1123,neg
1124,pos
1125,pos
1126,pos
1127,pos
1128,pos
1129,neg
1130,pos
1131,pos
1132,neg
1133,neg
1134,pos
1135,neg
1136,neg
1137,neg
1138,neg
1139,neg
1140,pos
1141,neg
1142,neg
1143,neg
1144,neg
1145,neg
1146,pos
1147,pos
1148,pos
1149,neg
1150,pos
1151,neg
1152,pos
1153,pos
1154,pos
1155,neg
1156,pos
1157,neg
1158,pos
1159,neg
1160,neg
1161,neg
1162,neg
1163,neg
1164,neg
1165,neg
1166,pos
1167,neg
1168,neg
1169,pos
1170,neg
1171,pos
1172,pos
1173,neg
1174,pos
1175,neg
1176,neg
1177,neg
1178,neg
1179,pos
1180,pos
1181,neg
1182,pos
1183,neg
1184,neg
1185,pos
1186,neg
1187,pos
1188,neg
1189,neg
1190,neg
1191,neg
1192,neg
1193,neg
1194,pos
1195,pos
1196,neg
1197,pos
1198,neg
1199,pos
1200,pos
1201,neg
1202,neg
1203,pos
1204,neg
1205,pos
1206,neg
1207,neg
1208,pos
1209,neg
1210,pos
1211,neg
1212,pos
1213,neg
1214,neg
1215,neg
1216,pos
1217,pos
1218,pos
1219,neg
1220,pos
1221,pos
1222,neg
1223,neg
1224,pos
1225,neg
1226,neg
1227,neg
1228,pos
1229,pos
1230,neg
1231,pos
1232,pos
1233,pos
1234,pos
1235,neg
1236,pos
1237,neg
1238,neg
1239,neg
1240,pos
1241,pos
1242,neg
1243,pos
1244,pos
1245,neg
1246,neg
1247,neg
1248,neg
1249,pos
1250,pos
1251,pos
1252,neg
1253,pos
1254,pos
1255,pos
1256,neg
1257,pos
1258,neg
1259,neg
1260,pos
1261,neg
1262,pos
1263,pos
1264,pos
1265,neg
1266,pos
1267,neg
1268,neg
1269,neg
1270,neg
1271,pos
1272,pos
1273,neg
1274,neg
1275,neg
1276,neg
1277,pos
1278,neg
1279,pos
1280,neg
1281,neg
1282,neg
1283,neg
1284,pos
1285,neg
1286,neg
1287,neg
1288,pos
1289,pos
1290,pos
1291,pos
1292,pos
1293,pos
1294,pos
1295,neg
1296,pos
1297,pos
1298,neg
1299,pos
1300,pos
1301,neg
1302,pos
1303,pos
1304,neg
1305,neg
1306,neg
1307,neg
1308,pos
1309,pos
1310,pos
1311,pos
1312,pos
1313,pos
1314,neg
1315,pos
1316,pos
1317,pos
1318,pos
1319,pos
1320,neg
1321,pos
1322,pos
1323,pos
1324,pos
1325,pos
1326,neg
1327,pos
1328,pos
1329,neg
1330,neg
1331,neg
1332,pos
1333,pos
1334,neg
1335,pos
1336,pos
1337,neg
1338,pos
1339,pos
1340,pos
1341,neg
1342,pos
1343,neg
1344,neg
1345,neg
1346,pos
1347,pos
1348,pos
1349,pos
1350,neg
1351,neg
1352,pos
1353,pos
1354,pos
1355,pos
1356,neg
1357,pos
1358,neg
1359,neg
1360,pos
1361,neg
1362,neg
1363,neg
1364,pos
1365,neg
1366,pos
1367,pos
1368,pos
1369,pos
1370,pos
1371,pos
1372,neg
1373,neg
1374,neg
1375,neg
1376,pos
1377,neg
1378,pos
1379,pos
1380,pos
1381,pos
1382,pos
1383,pos
1384,pos
1385,neg
1386,pos
1387,pos
1388,pos
1389,neg
1390,pos
1391,pos
1392,neg
1393,pos
1394,pos
1395,pos
1396,pos
1397,pos
1398,pos
1399,pos
1400,pos
1401,neg
1402,pos
1403,pos
1404,pos
1405,pos
1406,neg
1407,pos
1408,pos
1409,pos
1410,pos
1411,neg
1412,pos
1413,pos
1414,neg
1415,pos
1416,neg
1417,neg
1418,pos
1419,neg
1420,pos
1421,pos
1422,neg
1423,pos
1424,pos
1425,pos
1426,neg
1427,pos
1428,neg
1429,neg
1430,neg
1431,neg
1432,pos
1433,pos
1434,pos
1435,pos
1436,pos
1437,pos
1438,pos
1439,pos
1440,pos
1441,neg
1442,pos
1443,pos
1444,pos
1445,pos
1446,neg
1447,pos
1448,neg
1449,pos
1450,pos
1451,pos
1452,pos
1453,neg
1454,neg
1455,neg
1456,pos
1457,pos
1458,neg
1459,pos
1460,neg
1461,neg
1462,pos
1463,pos
1464,neg
1465,pos
1466,neg
1467,pos
1468,neg
1469,pos
1470,neg
1471,pos
1472,neg
1473,pos
1474,neg
1475,pos
1476,pos
1477,neg
1478,pos
1479,pos
1480,neg
1481,pos
1482,pos
1483,pos
1484,pos
1485,neg
1486,pos
1487,pos
1488,pos
1489,pos
1490,pos
1491,neg
1492,pos
1493,neg
1494,neg
1495,pos
1496,pos
1497,pos
1498,pos
1499,neg
1500,pos
1501,neg
1502,pos
1503,pos
1504,neg
1505,pos
1506,neg
1507,pos
1508,neg
1509,neg
1510,pos
1511,pos
1512,neg
1513,pos
1514,pos
1515,neg
1516,pos
1517,neg
1518,neg
1519,pos
1520,pos
1521,pos
1522,neg
1523,pos
1524,neg
1525,pos
1526,pos
1527,pos
1528,neg
1529,neg
1530,neg
1531,pos
1532,pos
1533,neg
1534,pos
1535,neg
1536,pos
1537,pos
1538,pos
1539,neg
1540,pos
1541,pos
1542,neg
1543,pos
1544,pos
1545,neg
1546,pos
1547,neg
1548,pos
1549,pos
1550,pos
1551,neg
1552,pos
1553,pos
1554,pos
1555,pos
1556,neg
1557,pos
1558,pos
1559,neg
1560,neg
1561,pos
1562,neg
1563,pos
1564,neg
1565,pos
1566,neg
1567,neg
1568,neg
1569,neg
1570,pos
1571,neg
1572,neg
1573,pos
1574,neg
1575,pos
1576,neg
1577,neg
1578,pos
1579,neg
1580,neg
1581,neg
1582,pos
1583,pos
1584,pos
1585,pos
1586,neg
1587,neg
1588,pos
1589,pos
1590,neg
1591,pos
1592,neg
1593,neg
1594,neg
1595,neg
1596,pos
1597,neg
1598,neg
1599,neg
1600,pos
1601,pos
1602,pos
1603,pos
1604,neg
1605,neg
1606,pos
1607,pos
1608,neg
1609,pos
1610,pos
1611,pos
1612,pos
1613,neg
1614,pos
1615,pos
1616,pos
1617,neg
1618,neg
1619,pos
1620,neg
1621,pos
1622,pos
1623,neg
1624,pos
1625,neg
1626,pos
1627,pos
1628,neg
1629,pos
1630,pos
1631,pos
1632,neg
1633,neg
1634,pos
1635,pos
1636,pos
1637,neg
1638,neg
1639,pos
1640,pos
1641,neg
1642,neg
1643,neg
1644,pos
1645,neg
1646,pos
1647,neg
1648,pos
1649,pos
1650,pos
1651,pos
1652,pos
1653,pos
1654,neg
1655,pos
1656,pos
1657,pos
1658,pos
1659,neg
1660,neg
1661,neg
1662,pos
1663,pos
1664,neg
1665,pos
1666,neg
1667,neg
1668,neg
1669,neg
1670,pos
1671,pos
1672,pos
1673,pos
1674,neg
1675,pos
1676,neg
1677,pos
1678,neg
1679,neg
1680,neg
1681,pos
1682,neg
1683,pos
1684,neg
1685,neg
1686,pos
1687,pos
1688,pos
1689,pos
1690,neg
1691,pos
1692,pos
1693,neg
1694,neg
1695,pos
1696,pos
1697,pos
1698,pos
1699,neg
1700,neg
1701,neg
1702,pos
1703,neg
1704,neg
1705,pos
1706,neg
1707,pos
1708,pos
1709,neg
1710,pos
1711,pos
1712,neg
1713,neg
1714,neg
1715,neg
1716,pos
1717,pos
1718,neg
1719,pos
1720,pos
1721,pos
1722,neg
1723,pos
1724,pos
1725,neg
1726,pos
1727,pos
1728,neg
1729,pos
1730,pos
1731,pos
1732,neg
1733,neg
1734,pos
1735,pos
1736,neg
1737,neg
1738,pos
1739,pos
1740,pos
1741,pos
1742,pos
1743,pos
1744,neg
1745,neg
1746,neg
1747,neg
1748,pos
1749,pos
1750,pos
1751,pos
1752,pos
1753,neg
1754,neg
1755,pos
1756,pos
1757,pos
1758,pos
1759,pos
1760,neg
1761,pos
1762,neg
1763,pos
1764,pos
1765,neg
1766,pos
1767,neg
1768,neg
1769,pos
1770,neg
1771,pos
1772,neg
1773,neg
1774,pos
1775,neg
1776,pos
1777,neg
1778,pos
1779,pos
1780,neg
1781,neg
1782,pos
1783,pos
1784,neg
1785,pos
1786,pos
1787,neg
1788,pos
1789,pos
1790,pos
1791,neg
1792,pos
1793,neg
1794,pos
1795,pos
1796,neg
1797,neg
1798,neg
1799,pos
1800,pos
1801,neg
1802,neg
1803,neg
1804,pos
1805,pos
1806,pos
1807,pos
1808,neg
1809,neg
1810,neg
1811,pos
1812,pos
1813,pos
1814,neg
1815,pos
1816,neg
1817,pos
1818,pos
1819,neg
1820,pos
1821,neg
1822,neg
1823,pos
1824,neg
1825,pos
1826,neg
1827,pos
1828,pos
1829,neg
1830,neg
1831,pos
1832,pos
1833,pos
1834,pos
1835,neg
1836,pos
1837,pos
1838,pos
1839,neg
1840,neg
1841,neg
1842,pos
1843,neg
1844,pos
1845,neg
1846,neg
1847,neg
1848,pos
1849,neg
1850,neg
1851,pos
1852,neg
1853,pos
1854,pos
1855,pos
1856,pos
1857,neg
1858,pos
1859,neg
1860,pos
1861,pos
1862,pos
1863,pos
1864,neg
1865,pos
1866,neg
1867,neg
1868,pos
1869,neg
1870,neg
1871,pos
1872,pos
1873,pos
1874,neg
1875,pos
1876,pos
1877,pos
1878,neg
1879,pos
1880,neg
1881,pos
1882,pos
1883,neg
1884,pos
1885,pos
1886,pos
1887,neg
1888,neg
1889,pos
1890,neg
1891,neg
1892,neg
1893,pos
1894,neg
1895,pos
1896,pos
1897,pos
1898,pos
1899,neg
1900,neg
1901,neg
1902,neg
1903,pos
1904,pos
1905,pos
1906,neg
1907,neg
1908,neg
1909,pos
1910,pos
1911,neg
1912,pos
1913,neg
1914,neg
1915,neg
1916,neg
1917,pos
1918,neg
1919,neg
1920,neg
1921,neg
1922,pos
1923,neg
1924,neg
1925,neg
1926,neg
1927,neg
1928,pos
1929,pos
1930,pos
1931,neg
1932,pos
1933,pos
1934,pos
1935,pos
1936,pos
1937,pos
1938,pos
1939,pos
1940,neg
1941,neg
1942,pos
1943,neg
1944,pos
1945,neg
1946,pos
1947,pos
1948,neg
1949,neg
1950,neg
1951,neg
1952,pos
1953,pos
1954,neg
1955,neg
1956,pos
1957,pos
1958,neg
1959,pos
1960,pos
1961,pos
1962,neg
1963,pos
1964,pos
1965,neg
1966,neg
1967,neg
1968,neg
1969,pos
1970,pos
1971,pos
1972,pos
1973,neg
1974,neg
1975,pos
1976,pos
1977,neg
1978,pos
1979,pos
1980,pos
1981,pos
1982,pos
1983,neg
1984,pos
1985,pos
1986,pos
1987,pos
1988,pos
1989,pos
1990,neg
1991,neg
1992,pos
1993,neg
1994,pos
1995,neg
1996,pos
1997,pos
1998,neg
1999,pos
2000,neg
2001,pos
2002,pos
2003,pos
2004,neg
2005,neg
2006,pos
2007,pos
2008,neg
2009,pos
2010,pos
2011,neg
2012,neg
2013,neg
2014,pos
2015,pos
2016,neg
2017,neg
2018,pos
2019,pos
2020,neg
2021,pos
2022,neg
2023,neg
2024,pos
2025,pos
2026,pos
2027,neg
2028,neg
2029,neg
2030,neg
2031,neg
2032,pos
2033,neg
2034,neg
2035,pos
2036,pos
2037,neg
2038,neg
2039,pos
2040,neg
2041,pos
2042,neg
2043,pos
2044,pos
2045,pos
2046,pos
2047,pos
2048,pos
2049,pos
2050,pos
2051,neg
2052,neg
2053,pos
2054,neg
2055,pos
2056,neg
2057,pos
2058,neg
2059,pos
2060,neg
2061,neg
2062,neg
2063,neg
2064,pos
2065,pos
2066,neg
2067,pos
2068,pos
2069,neg
2070,neg
2071,neg
2072,pos
2073,neg
2074,pos
2075,pos
2076,pos
2077,neg
2078,pos
2079,pos
2080,pos
2081,pos
2082,pos
2083,neg
2084,neg
2085,neg
2086,neg
2087,neg
2088,pos
2089,pos
2090,neg
2091,pos
2092,neg
2093,neg
2094,pos
2095,pos
2096,neg
2097,neg
2098,pos
2099,pos
2100,pos
2101,pos
2102,pos
2103,neg
2104,neg
2105,pos
2106,neg
2107,neg
2108,pos
2109,neg
2110,pos
2111,pos
2112,pos
2113,pos
2114,pos
2115,pos
2116,neg
2117,pos
2118,pos
2119,neg
2120,pos
2121,pos
2122,neg
2123,neg
2124,pos
2125,pos
2126,pos
2127,neg
2128,pos
2129,pos
2130,pos
2131,pos
2132,pos
2133,neg
2134,pos
2135,pos
2136,pos
2137,pos
2138,pos
2139,pos
2140,pos
2141,pos
2142,neg
2143,pos
2144,neg
2145,neg
2146,neg
2147,pos
2148,neg
2149,pos
2150,pos
2151,pos
2152,neg
2153,pos
2154,neg
2155,neg
2156,neg
2157,neg
2158,neg
2159,neg
2160,pos
2161,pos
2162,neg
2163,pos
2164,neg
2165,neg
2166,pos
2167,neg
2168,pos
2169,pos
2170,neg
2171,pos
2172,neg
2173,neg
2174,neg
2175,pos
2176,pos
2177,pos
2178,pos
2179,pos
2180,pos
2181,pos
2182,pos
2183,neg
2184,pos
2185,neg
2186,pos
2187,pos
2188,neg
2189,pos
2190,pos
2191,neg
2192,pos
2193,pos
2194,pos
2195,neg
2196,pos
2197,pos
2198,pos
2199,pos
2200,pos
2201,pos
2202,neg
2203,pos
2204,pos
2205,pos
2206,pos
2207,neg
2208,neg
2209,pos
2210,neg
2211,pos
2212,neg
2213,pos
2214,neg
2215,neg
2216,pos
2217,pos
2218,pos
2219,neg
2220,pos
2221,neg
2222,neg
2223,pos
2224,pos
2225,pos
2226,pos
2227,pos
2228,pos
2229,pos
2230,neg
2231,neg
2232,neg
2233,pos
2234,neg
2235,pos
2236,neg
2237,neg
2238,neg
2239,neg
2240,pos
2241,pos
2242,neg
2243,neg
2244,neg
2245,pos
2246,neg
2247,pos
2248,pos
2249,pos
2250,neg
2251,pos
2252,neg
2253,pos
2254,neg
2255,pos
2256,pos
2257,pos
2258,pos
2259,pos
2260,pos
2261,pos
2262,pos
2263,pos
2264,neg
2265,pos
2266,neg
2267,neg
2268,neg
2269,neg
2270,neg
2271,neg
2272,pos
2273,neg
2274,pos
2275,neg
2276,neg
2277,neg
2278,neg
2279,pos
2280,pos
2281,pos
2282,neg
2283,neg
2284,pos
2285,pos
2286,pos
2287,pos
2288,neg
2289,neg
2290,pos
2291,neg
2292,neg
2293,pos
2294,pos
2295,neg
2296,pos
2297,neg
2298,neg
2299,pos
2300,neg
2301,neg
2302,pos
2303,neg
2304,neg
2305,pos
2306,neg
2307,neg
2308,neg
2309,pos
2310,pos
2311,neg
2312,neg
2313,pos
2314,pos
2315,pos
2316,neg
2317,pos
2318,pos
2319,neg
2320,pos
2321,pos
2322,pos
2323,pos
2324,pos
2325,pos
2326,pos
2327,pos
2328,pos
2329,neg
2330,neg
2331,pos
2332,neg
2333,pos
2334,neg
2335,neg
2336,pos
2337,pos
2338,neg
2339,pos
2340,pos
2341,neg
2342,pos
2343,pos
2344,neg
2345,pos
2346,neg
2347,pos
2348,neg
2349,pos
2350,pos
2351,pos
2352,pos
2353,pos
2354,neg
2355,pos
2356,pos
2357,neg
2358,pos
2359,pos
2360,neg
2361,neg
2362,pos
2363,pos
2364,pos
2365,neg
2366,pos
2367,neg
2368,neg
2369,pos
2370,pos
2371,pos
2372,pos
2373,pos
2374,neg
2375,neg
2376,neg
2377,neg
2378,neg
2379,pos
2380,pos
2381,neg
2382,neg
2383,neg
2384,neg
2385,pos
2386,neg
2387,pos
2388,pos
2389,neg
2390,pos
2391,pos
2392,neg
2393,pos
2394,neg
2395,neg
2396,pos
2397,neg
2398,neg
2399,pos
2400,pos
2401,neg
2402,pos
2403,pos
2404,neg
2405,neg
2406,pos
2407,pos
2408,neg
2409,pos
2410,neg
2411,pos
2412,pos
2413,neg
2414,neg
2415,pos
2416,neg
2417,neg
2418,neg
2419,neg
2420,pos
2421,pos
2422,pos
2423,pos
2424,pos
2425,pos
2426,pos
2427,pos
2428,neg
2429,pos
2430,pos
2431,neg
2432,neg
2433,neg
2434,neg
2435,pos
2436,pos
2437,pos
2438,neg
2439,pos
2440,pos
2441,pos
2442,pos
2443,pos
2444,pos
2445,pos
2446,neg
2447,pos
2448,pos
2449,neg
2450,pos
2451,pos
2452,neg
2453,neg
2454,neg
2455,neg
2456,pos
2457,pos
2458,pos
2459,pos
2460,pos
2461,pos
2462,pos
2463,pos
2464,pos
2465,neg
2466,pos
2467,neg
2468,pos
2469,neg
2470,neg
2471,neg
2472,neg
2473,neg
2474,pos
2475,pos
2476,pos
2477,neg
2478,neg
2479,pos
2480,neg
2481,pos
2482,neg
2483,pos
2484,neg
2485,neg
2486,pos
2487,pos
2488,pos
2489,neg
2490,pos
2491,neg
2492,pos
2493,neg
2494,neg
2495,neg
2496,pos
2497,neg
2498,neg
2499,pos
2500,pos
2501,neg
2502,pos
2503,pos
2504,pos
2505,neg
2506,neg
2507,neg
2508,neg
2509,neg
2510,neg
2511,pos
2512,neg
2513,neg
2514,pos
2515,neg
2516,pos
2517,neg
2518,pos
2519,pos
2520,neg
2521,neg
2522,neg
2523,neg
2524,pos
2525,pos
2526,neg
2527,pos
2528,pos
2529,pos
2530,pos
2531,neg
2532,neg
2533,neg
2534,pos
2535,neg
2536,pos
2537,neg
2538,pos
2539,pos
2540,neg
2541,pos
2542,pos
2543,pos
2544,neg
2545,neg
2546,pos
2547,neg
2548,pos
2549,neg
2550,pos
2551,pos
2552,pos
2553,pos
2554,pos
2555,neg
2556,neg
2557,pos
2558,pos
2559,pos
2560,pos
2561,neg
2562,neg
2563,pos
2564,neg
2565,pos
2566,pos
2567,pos
2568,pos
2569,pos
2570,neg
2571,neg
2572,neg
2573,pos
2574,pos
2575,pos
2576,neg
2577,pos
2578,pos
2579,pos
2580,pos
2581,neg
2582,neg
2583,neg
2584,neg
2585,pos
2586,neg
2587,neg
2588,pos
2589,pos
2590,pos
2591,pos
2592,pos
2593,neg
2594,neg
2595,neg
2596,neg
2597,pos
2598,pos
2599,pos
2600,pos
2601,neg
2602,pos
2603,neg
2604,neg
2605,pos
2606,neg
2607,pos
2608,pos
2609,pos
2610,pos
2611,pos
2612,pos
2613,neg
2614,pos
2615,neg
2616,neg
2617,pos
2618,neg
2619,pos
2620,pos
2621,neg
2622,pos
2623,pos
2624,pos
2625,neg
2626,pos
2627,pos
2628,neg
2629,pos
2630,pos
2631,neg
2632,neg
2633,neg
2634,neg
2635,neg
2636,neg
2637,neg
2638,neg
2639,pos
2640,pos
2641,neg
2642,neg
2643,neg
2644,pos
2645,neg
2646,pos
2647,pos
2648,pos
2649,pos
2650,pos
2651,pos
2652,pos
2653,neg
2654,pos
2655,pos
2656,pos
2657,pos
2658,neg
2659,neg
2660,pos
2661,pos
2662,pos
2663,neg
2664,pos
2665,pos
2666,neg
2667,pos
2668,pos
2669,pos
2670,pos
2671,pos
2672,neg
2673,neg
2674,pos
2675,neg
2676,pos
2677,pos
2678,pos
2679,pos
2680,pos
2681,neg
2682,pos
2683,neg
2684,pos
2685,neg
2686,pos
2687,pos
2688,neg
2689,pos
2690,neg
2691,neg
2692,neg
2693,neg
2694,pos
2695,pos
2696,pos
2697,pos
2698,neg
2699,neg
2700,pos
2701,pos
2702,neg
2703,neg
2704,pos
2705,pos
2706,neg
2707,neg
2708,neg
2709,neg
2710,pos
2711,pos
2712,pos
2713,pos
2714,neg
2715,pos
2716,neg
2717,pos
2718,pos
2719,neg
2720,pos
2721,neg
2722,neg
2723,pos
2724,neg
2725,pos
2726,pos
2727,neg
2728,pos
2729,neg
2730,neg
2731,neg
2732,pos
2733,pos
2734,pos
2735,pos
2736,neg
2737,neg
2738,neg
2739,neg
2740,neg
2741,neg
2742,pos
2743,pos
2744,pos
2745,neg
2746,pos
2747,pos
2748,neg
2749,pos
2750,neg
2751,neg
2752,neg
2753,neg
2754,pos
2755,neg
2756,neg
2757,neg
2758,pos
2759,neg
2760,pos
2761,pos
2762,pos
2763,neg
2764,neg
2765,neg
2766,pos
2767,neg
2768,neg
2769,pos
2770,pos
2771,neg
2772,pos
2773,pos
2774,pos
2775,pos
2776,pos
2777,pos
2778,neg
2779,pos
2780,neg
2781,pos
2782,pos
2783,neg
2784,pos
2785,pos
2786,neg
2787,neg
2788,neg
2789,pos
2790,pos
2791,pos
2792,neg
2793,neg
2794,neg
2795,pos
2796,neg
2797,neg
2798,pos
2799,pos
2800,neg
2801,neg
2802,neg
2803,neg
2804,neg
2805,pos
2806,neg
2807,neg
2808,pos
2809,neg
2810,neg
2811,neg
2812,neg
2813,pos
2814,pos
2815,neg
2816,neg
2817,neg
2818,neg
2819,neg
2820,pos
2821,pos
2822,pos
2823,pos
2824,pos
2825,pos
2826,pos
2827,pos
2828,neg
2829,pos
2830,neg
2831,neg
2832,pos
2833,pos
2834,neg
2835,neg
2836,pos
2837,neg
2838,pos
2839,pos
2840,pos
2841,neg
2842,pos
2843,pos
2844,pos
2845,pos
2846,pos
2847,pos
2848,neg
2849,pos
2850,pos
2851,neg
2852,pos
2853,neg
2854,neg
2855,neg
2856,pos
2857,pos
2858,pos
2859,pos
2860,pos
2861,neg
2862,neg
2863,neg
2864,neg
2865,pos
2866,pos
2867,neg
2868,pos
2869,neg
2870,pos
2871,pos
2872,neg
2873,pos
2874,pos
2875,pos
2876,neg
2877,pos
2878,pos
2879,pos
2880,pos
2881,neg
2882,pos
2883,neg
2884,pos
2885,pos
2886,pos
2887,pos
2888,neg
2889,pos
2890,pos
2891,neg
2892,neg
2893,pos
2894,pos
2895,pos
2896,pos
2897,neg
2898,neg
2899,neg
2900,neg
2901,neg
2902,pos
2903,pos
2904,pos
2905,pos
2906,neg
2907,neg
2908,neg
2909,pos
2910,neg
2911,pos
2912,pos
2913,neg
2914,neg
2915,neg
2916,pos
2917,pos
2918,pos
2919,neg
2920,pos
2921,pos
2922,neg
2923,pos
2924,neg
2925,pos
2926,pos
2927,neg
2928,pos
2929,neg
2930,neg
2931,neg
2932,neg
2933,pos
2934,pos
2935,pos
2936,neg
2937,neg
2938,neg
2939,neg
2940,pos
2941,pos
2942,neg
2943,neg
2944,pos
2945,pos
2946,neg
2947,pos
2948,pos
2949,pos
2950,neg
2951,neg
2952,neg
2953,pos
2954,pos
2955,pos
2956,neg
2957,neg
2958,pos
2959,pos
2960,neg
2961,pos
2962,pos
2963,pos
2964,pos
2965,pos
2966,neg
2967,neg
2968,pos
2969,pos
2970,neg
2971,neg
2972,neg
2973,pos
2974,pos
2975,neg
2976,pos
2977,neg
2978,pos
2979,pos
2980,neg
2981,pos
2982,pos
2983,pos
2984,pos
2985,pos
2986,pos
2987,neg
2988,neg
2989,pos
2990,neg
2991,neg
2992,neg
2993,pos
2994,pos
2995,pos
2996,neg
2997,pos
2998,neg
2999,neg
3000,pos
3001,pos
3002,pos
3003,pos
3004,pos
3005,pos
3006,pos
3007,pos
3008,neg
3009,neg
3010,neg
3011,neg
3012,pos
3013,pos
3014,pos
3015,pos
3016,neg
3017,neg
3018,neg
3019,neg
3020,pos
3021,neg
3022,neg
3023,neg
3024,pos
3025,pos
3026,pos
3027,pos
3028,neg
3029,pos
3030,pos
3031,pos
3032,neg
3033,neg
3034,pos
3035,neg
3036,neg
3037,pos
3038,pos
3039,pos
3040,neg
3041,pos
3042,neg
3043,pos
3044,pos
3045,neg
3046,neg
3047,pos
3048,pos
3049,neg
3050,neg
3051,neg
3052,pos
3053,pos
3054,pos
3055,neg
3056,neg
3057,pos
3058,pos
3059,neg
3060,pos
3061,neg
3062,pos
3063,pos
3064,pos
3065,neg
3066,neg
3067,pos
3068,pos
3069,pos
3070,neg
3071,pos
3072,pos
3073,neg
3074,neg
3075,pos
3076,pos
3077,pos
3078,pos
3079,neg
3080,neg
3081,pos
3082,pos
3083,pos
3084,pos
3085,pos
3086,pos
3087,neg
3088,pos
3089,pos
3090,pos
3091,neg
3092,pos
3093,neg
3094,neg
3095,pos
3096,pos
3097,pos
3098,neg
3099,neg
3100,neg
3101,neg
3102,pos
3103,pos
3104,pos
3105,neg
3106,neg
3107,pos
3108,neg
3109,pos
3110,pos
3111,neg
3112,pos
3113,neg
3114,neg
3115,neg
3116,pos
3117,neg
3118,pos
3119,pos
3120,neg
3121,pos
3122,pos
3123,pos
3124,neg
3125,neg
3126,neg
3127,pos
3128,pos
3129,pos
3130,pos
3131,neg
3132,pos
3133,neg
3134,pos
3135,pos
3136,pos
3137,pos
3138,neg
3139,neg
3140,neg
3141,pos
3142,pos
3143,pos
3144,pos
3145,neg
3146,neg
3147,pos
3148,neg
3149,pos
3150,neg
3151,neg
3152,pos
3153,neg
3154,pos
3155,pos
3156,pos
3157,pos
3158,neg
3159,neg
3160,neg
3161,neg
3162,neg
3163,pos
3164,pos
3165,neg
3166,neg
3167,neg
3168,pos
3169,pos
3170,pos
3171,neg
3172,pos
3173,neg
3174,neg
3175,pos
3176,neg
3177,neg
3178,neg
3179,pos
3180,neg
3181,neg
3182,pos
3183,pos
3184,pos
3185,neg
3186,pos
3187,neg
3188,neg
3189,neg
3190,neg
3191,pos
3192,pos
3193,neg
3194,neg
3195,neg
3196,pos
3197,neg
3198,pos
3199,neg
3200,pos
3201,neg
3202,neg
3203,pos
3204,pos
3205,pos
3206,pos
3207,pos
3208,neg
3209,neg
3210,neg
3211,pos
3212,neg
3213,pos
3214,pos
3215,pos
3216,pos
3217,pos
3218,pos
3219,pos
3220,pos
3221,pos
3222,neg
3223,pos
3224,pos
3225,neg
3226,pos
3227,pos
3228,pos
3229,neg
3230,pos
3231,pos
3232,neg
3233,neg
3234,neg
3235,pos
3236,neg
3237,pos
3238,neg
3239,pos
3240,neg
3241,neg
3242,pos
3243,pos
3244,pos
3245,neg
3246,neg
3247,neg
3248,pos
3249,neg
3250,pos
3251,pos
3252,pos
3253,pos
3254,pos
3255,neg
3256,neg
3257,pos
3258,neg
3259,pos
3260,neg
3261,pos
3262,neg
3263,pos
3264,neg
3265,neg
3266,pos
3267,pos
3268,neg
3269,neg
3270,neg
3271,pos
3272,neg
3273,pos
3274,neg
3275,pos
3276,neg
3277,neg
3278,pos
3279,neg
3280,pos
3281,pos
3282,neg
3283,pos
3284,pos
3285,pos
3286,pos
3287,neg
3288,pos
3289,pos
3290,pos
3291,pos
3292,pos
3293,pos
3294,pos
3295,pos
3296,pos
3297,pos
3298,neg
3299,pos
3300,pos
3301,neg
3302,neg
3303,pos
3304,pos
3305,neg
3306,neg
3307,pos
3308,pos
3309,neg
3310,neg
3311,pos
3312,pos
3313,neg
3314,neg
3315,pos
3316,neg
3317,neg
3318,neg
3319,pos
3320,pos
3321,neg
3322,pos
3323,pos
3324,pos
3325,neg
3326,pos
3327,pos
3328,pos
3329,neg
3330,pos
3331,neg
3332,neg
3333,pos
3334,neg
3335,pos
3336,pos
3337,pos
3338,pos
3339,pos
3340,neg
3341,pos
3342,neg
3343,pos
3344,neg
3345,pos
3346,pos
3347,pos
3348,neg
3349,pos
3350,neg
3351,neg
3352,neg
3353,neg
3354,neg
3355,neg
3356,neg
3357,pos
3358,pos
3359,pos
3360,pos
3361,pos
3362,pos
3363,neg
3364,neg
3365,pos
3366,pos
3367,neg
3368,pos
3369,pos
3370,pos
3371,pos
3372,neg
3373,neg
3374,pos
3375,neg
3376,pos
3377,pos
3378,neg
3379,neg
3380,pos
3381,pos
3382,neg
3383,neg
3384,pos
3385,neg
3386,pos
3387,pos
3388,pos
3389,neg
3390,pos
3391,pos
3392,pos
3393,neg
3394,pos
3395,neg
3396,pos
3397,neg
3398,pos
3399,pos
3400,neg
3401,pos
3402,pos
3403,neg
3404,pos
3405,neg
3406,pos
3407,neg
3408,neg
3409,neg
3410,neg
3411,neg
3412,neg
3413,pos
3414,pos
3415,pos
3416,neg
3417,pos
3418,pos
3419,pos
3420,pos
3421,neg
3422,neg
3423,pos
3424,neg
3425,neg
3426,pos
3427,neg
3428,neg
3429,pos
3430,neg
3431,neg
3432,pos
3433,neg
3434,neg
3435,neg
3436,pos
3437,pos
3438,neg
3439,neg
3440,pos
3441,pos
3442,pos
3443,pos
3444,pos
3445,pos
3446,pos
3447,pos
3448,neg
3449,pos
3450,neg
3451,neg
3452,neg
3453,pos
3454,neg
3455,pos
3456,neg
3457,pos
3458,neg
3459,pos
3460,neg
3461,neg
3462,neg
3463,neg
3464,pos
3465,pos
3466,pos
3467,pos
3468,neg
3469,neg
3470,neg
3471,pos
3472,neg
3473,neg
3474,pos
3475,pos
3476,neg
3477,pos
3478,pos
3479,neg
3480,pos
3481,neg
3482,pos
3483,pos
3484,neg
3485,pos
3486,neg
3487,pos
3488,pos
3489,pos
3490,neg
3491,neg
3492,neg
3493,pos
3494,pos
3495,pos
3496,neg
3497,pos
3498,neg
3499,neg
3500,neg
3501,neg
3502,pos
3503,pos
3504,pos
3505,neg
3506,pos
3507,neg
3508,pos
3509,pos
3510,pos
3511,pos
3512,neg
3513,pos
3514,pos
3515,pos
3516,pos
3517,pos
3518,neg
3519,neg
3520,neg
3521,neg
3522,neg
3523,neg
3524,neg
3525,pos
3526,pos
3527,pos
3528,neg
3529,pos
3530,neg
3531,neg
3532,pos
3533,pos
3534,pos
3535,pos
3536,neg
3537,neg
3538,neg
3539,pos
3540,neg
3541,neg
3542,pos
3543,pos
3544,pos
3545,neg
3546,pos
3547,neg
3548,pos
3549,pos
3550,pos
3551,pos
3552,pos
3553,pos
3554,pos
3555,neg
3556,pos
3557,pos
3558,neg
3559,neg
3560,pos
3561,pos
3562,neg
3563,neg
3564,pos
3565,pos
3566,pos
3567,pos
3568,neg
3569,neg
3570,pos
3571,neg
3572,pos
3573,pos
3574,pos
3575,pos
3576,neg
3577,neg
3578,pos
3579,pos
3580,pos
3581,pos
3582,pos
3583,neg
3584,neg
3585,pos
3586,neg
3587,pos
3588,pos
3589,neg
3590,neg
3591,neg
3592,pos
3593,pos
3594,pos
3595,pos
3596,neg
3597,pos
3598,neg
3599,pos
3600,pos
3601,neg
3602,neg
3603,neg
3604,pos
3605,pos
3606,neg
3607,pos
3608,pos
3609,neg
3610,neg
3611,pos
3612,pos
3613,pos
3614,neg
3615,neg
3616,neg
3617,neg
3618,neg
3619,neg
3620,neg
3621,pos
3622,pos
3623,pos
3624,neg
3625,neg
3626,neg
3627,neg
3628,neg
3629,pos
3630,neg
3631,pos
3632,pos
3633,neg
3634,neg
3635,pos
3636,pos
3637,neg
3638,neg
3639,neg
3640,neg
3641,pos
3642,neg
3643,neg
3644,neg
3645,pos
3646,pos
3647,pos
3648,neg
3649,neg
3650,neg
3651,neg
3652,neg
3653,pos
3654,pos
3655,pos
3656,neg
3657,pos
3658,pos
3659,pos
3660,neg
3661,neg
3662,pos
3663,pos
3664,neg
3665,pos
3666,neg
3667,neg
3668,neg
3669,pos
3670,pos
3671,neg
3672,pos
3673,neg
3674,neg
3675,pos
3676,pos
3677,pos
3678,pos
3679,pos
3680,pos
3681,neg
3682,neg
3683,neg
3684,pos
3685,neg
3686,neg
3687,pos
3688,neg
3689,neg
3690,neg
3691,pos
3692,pos
3693,neg
3694,neg
3695,neg
3696,neg
3697,neg
3698,neg
3699,pos
3700,pos
3701,neg
3702,pos
3703,neg
3704,pos
3705,pos
3706,pos
3707,neg
3708,pos
3709,pos
3710,neg
3711,pos
3712,pos
3713,neg
